{"cameraMode":{"drawMode":0,"name":"Shaded","section":"Shading Mode"},"sceneLighting":true,"audioPlay":false,"sceneViewState":{"m_AlwaysRefresh":false,"showFog":true,"showSkybox":true,"showFlares":true,"showImageEffects":true,"showParticleSystems":true,"showVisualEffectGraphs":true,"m_FxEnabled":true},"in2DMode":false,"pivot":{"x":-574.3233642578125,"y":11.533763885498047,"z":-38.392086029052737},"rotation":{"x":-0.012873235158622265,"y":-0.9401617646217346,"z":0.33885088562965395,"w":-0.03804449737071991},"size":281.0079345703125,"orthographic":false}