{"cameraMode":{"drawMode":0,"name":"Shaded","section":"Shading Mode"},"sceneLighting":true,"audioPlay":false,"sceneViewState":{"m_AlwaysRefresh":false,"showFog":true,"showSkybox":true,"showFlares":true,"showImageEffects":true,"showParticleSystems":true,"showVisualEffectGraphs":true,"m_FxEnabled":true},"in2DMode":false,"pivot":{"x":16.805309295654298,"y":-37.24559020996094,"z":-65.55020141601563},"rotation":{"x":0.008974261581897736,"y":0.9795700311660767,"z":-0.19654284417629243,"w":0.044682033360004428},"size":102.75582122802735,"orthographic":false}