{"cameraMode":{"drawMode":0,"name":"Shaded","section":"Shading Mode"},"sceneLighting":true,"audioPlay":false,"sceneViewState":{"m_AlwaysRefresh":false,"showFog":true,"showSkybox":true,"showFlares":true,"showImageEffects":true,"showParticleSystems":true,"showVisualEffectGraphs":true,"m_FxEnabled":true},"in2DMode":false,"pivot":{"x":-6.833520889282227,"y":28.088565826416017,"z":12.033209800720215},"rotation":{"x":-0.022756025195121766,"y":-0.9153300523757935,"z":0.05224689468741417,"w":-0.39889609813690188},"size":58.67509078979492,"orthographic":false}