{"cameraMode":{"drawMode":0,"name":"Shaded","section":"Shading Mode"},"sceneLighting":true,"audioPlay":false,"sceneViewState":{"m_AlwaysRefresh":true,"showFog":true,"showSkybox":true,"showFlares":true,"showImageEffects":true,"showParticleSystems":true,"showVisualEffectGraphs":true,"m_FxEnabled":true},"in2DMode":false,"pivot":{"x":-286.53485107421877,"y":121.03264617919922,"z":-5.994049072265625},"rotation":{"x":0.017993813380599023,"y":0.02666861191391945,"z":0.00047878737677820027,"w":-0.9995476007461548},"size":305.126220703125,"orthographic":false}