{"cameraMode":{"drawMode":0,"name":"Shaded","section":"Shading Mode"},"sceneLighting":true,"audioPlay":false,"sceneViewState":{"m_AlwaysRefresh":true,"showFog":true,"showSkybox":true,"showFlares":true,"showImageEffects":true,"showParticleSystems":true,"showVisualEffectGraphs":true,"m_FxEnabled":true},"in2DMode":false,"pivot":{"x":208.2618865966797,"y":2.8502564430236818,"z":1.8992881774902344},"rotation":{"x":0.018897099420428277,"y":-0.004498641937971115,"z":0.00008890573371900246,"w":0.999833881855011},"size":25.921403884887697,"orthographic":false}