{"cameraMode":{"drawMode":0,"name":"Shaded","section":"Shading Mode"},"sceneLighting":true,"audioPlay":false,"sceneViewState":{"m_AlwaysRefresh":true,"showFog":true,"showSkybox":true,"showFlares":true,"showImageEffects":true,"showParticleSystems":true,"showVisualEffectGraphs":true,"m_FxEnabled":true},"in2DMode":false,"pivot":{"x":30.593412399291993,"y":-19.845964431762697,"z":-12.985099792480469},"rotation":{"x":-0.09904279559850693,"y":-0.535419225692749,"z":0.06346665322780609,"w":-0.8364298939704895},"size":102.29219818115235,"orthographic":false}