{"cameraMode":{"drawMode":0,"name":"Shaded","section":"Shading Mode"},"sceneLighting":true,"audioPlay":false,"sceneViewState":{"m_AlwaysRefresh":true,"showFog":true,"showSkybox":true,"showFlares":true,"showImageEffects":true,"showParticleSystems":true,"showVisualEffectGraphs":true,"m_FxEnabled":true},"in2DMode":false,"pivot":{"x":13.876594543457032,"y":-14.376344680786133,"z":-76.08541870117188},"rotation":{"x":-0.01410960778594017,"y":0.6513566374778748,"z":0.01212138868868351,"w":0.7585729956626892},"size":85.87049865722656,"orthographic":false}