{"cameraMode":{"drawMode":0,"name":"Shaded","section":"Shading Mode"},"sceneLighting":true,"audioPlay":false,"sceneViewState":{"m_AlwaysRefresh":true,"showFog":true,"showSkybox":true,"showFlares":true,"showImageEffects":true,"showParticleSystems":true,"showVisualEffectGraphs":true,"m_FxEnabled":true},"in2DMode":false,"pivot":{"x":0.7141513824462891,"y":2.9318747520446779,"z":-9.847759246826172},"rotation":{"x":0.08414693921804428,"y":0.7893344163894653,"z":-0.11108149588108063,"w":0.5979422330856323},"size":12.12435531616211,"orthographic":false}