{"cameraMode":{"drawMode":0,"name":"Shaded","section":"Shading Mode"},"sceneLighting":true,"audioPlay":false,"sceneViewState":{"m_AlwaysRefresh":true,"showFog":true,"showSkybox":true,"showFlares":true,"showImageEffects":true,"showParticleSystems":true,"showVisualEffectGraphs":true,"m_FxEnabled":true},"in2DMode":false,"pivot":{"x":-68.73917388916016,"y":11.451213836669922,"z":63.01653289794922},"rotation":{"x":0.03688821569085121,"y":-0.01199156790971756,"z":0.0004426996747497469,"w":0.9992800354957581},"size":25.005752563476564,"orthographic":false}