{"cameraMode":{"drawMode":0,"name":"Shaded","section":"Shading Mode"},"sceneLighting":true,"audioPlay":false,"sceneViewState":{"m_AlwaysRefresh":true,"showFog":true,"showSkybox":true,"showFlares":true,"showImageEffects":true,"showParticleSystems":true,"showVisualEffectGraphs":true,"m_FxEnabled":true},"in2DMode":false,"pivot":{"x":-5.886143684387207,"y":-27.128990173339845,"z":-57.87506866455078},"rotation":{"x":0.0066841100342571739,"y":0.9835395812988281,"z":-0.17683929204940797,"w":0.037191495299339297},"size":75.10331726074219,"orthographic":false}