{"cameraMode":{"drawMode":0,"name":"Shaded","section":"Shading Mode"},"sceneLighting":true,"audioPlay":false,"sceneViewState":{"m_AlwaysRefresh":true,"showFog":true,"showSkybox":true,"showFlares":true,"showImageEffects":true,"showParticleSystems":true,"showVisualEffectGraphs":true,"m_FxEnabled":true},"in2DMode":false,"pivot":{"x":-7.386688232421875,"y":19.284074783325197,"z":78.10401916503906},"rotation":{"x":-0.0020770395640283825,"y":-0.15388590097427369,"z":-0.0003235330805182457,"w":0.988086462020874},"size":32.94905471801758,"orthographic":false}