{"cameraMode":{"drawMode":0,"name":"Shaded","section":"Shading Mode"},"sceneLighting":true,"audioPlay":false,"sceneViewState":{"m_AlwaysRefresh":true,"showFog":true,"showSkybox":true,"showFlares":true,"showImageEffects":true,"showParticleSystems":true,"showVisualEffectGraphs":true,"m_FxEnabled":true},"in2DMode":false,"pivot":{"x":2.3711304664611818,"y":11.384111404418946,"z":-21.32935333251953},"rotation":{"x":0.034243207424879077,"y":-0.5124478936195374,"z":0.020456356927752496,"w":0.8578062653541565},"size":13.556693077087403,"orthographic":false}