{"cameraMode":{"drawMode":0,"name":"Shaded","section":"Shading Mode"},"sceneLighting":true,"audioPlay":false,"sceneViewState":{"m_AlwaysRefresh":true,"showFog":true,"showSkybox":true,"showFlares":true,"showImageEffects":true,"showParticleSystems":true,"showVisualEffectGraphs":true,"m_FxEnabled":true},"in2DMode":false,"pivot":{"x":19.512340545654298,"y":-12.91018009185791,"z":6.453070163726807},"rotation":{"x":-0.0009094995330087841,"y":-0.7078261971473694,"z":-0.0012119056191295386,"w":0.7066062092781067},"size":7.865653991699219,"orthographic":false}