{"cameraMode":{"drawMode":0,"name":"Shaded","section":"Shading Mode"},"sceneLighting":true,"audioPlay":false,"sceneViewState":{"m_AlwaysRefresh":true,"showFog":true,"showSkybox":true,"showFlares":true,"showImageEffects":true,"showParticleSystems":true,"showVisualEffectGraphs":true,"m_FxEnabled":true},"in2DMode":false,"pivot":{"x":2.0174245834350588,"y":-1.2552452087402344,"z":-0.5946669578552246},"rotation":{"x":-0.07684335857629776,"y":0.4666665196418762,"z":-0.040565382689237598,"w":-0.8801898956298828},"size":27.363134384155275,"orthographic":false}