{"cameraMode":{"drawMode":0,"name":"Shaded","section":"Shading Mode"},"sceneLighting":true,"audioPlay":false,"sceneViewState":{"m_AlwaysRefresh":true,"showFog":true,"showSkybox":true,"showFlares":true,"showImageEffects":true,"showParticleSystems":true,"showVisualEffectGraphs":true,"m_FxEnabled":true},"in2DMode":false,"pivot":{"x":37.136688232421878,"y":-22.50116539001465,"z":735.3382568359375},"rotation":{"x":-0.0003049169899895787,"y":0.025739479809999467,"z":-0.0002243495109723881,"w":1.0000190734863282},"size":493.5992126464844,"orthographic":false}