{"cameraMode":{"drawMode":0,"name":"Shaded","section":"Shading Mode"},"sceneLighting":true,"audioPlay":false,"sceneViewState":{"m_AlwaysRefresh":true,"showFog":true,"showSkybox":true,"showFlares":true,"showImageEffects":true,"showParticleSystems":true,"showVisualEffectGraphs":true,"m_FxEnabled":true},"in2DMode":false,"pivot":{"x":39.962318420410159,"y":-2.2847673892974855,"z":-12.759239196777344},"rotation":{"x":0.0001093318933271803,"y":0.9981933236122131,"z":0.06477271020412445,"w":0.00019402870384510607},"size":31.552549362182618,"orthographic":false}