{"cameraMode":{"drawMode":0,"name":"Shaded","section":"Shading Mode"},"sceneLighting":true,"audioPlay":false,"sceneViewState":{"m_AlwaysRefresh":true,"showFog":true,"showSkybox":true,"showFlares":true,"showImageEffects":true,"showParticleSystems":true,"showVisualEffectGraphs":true,"m_FxEnabled":true},"in2DMode":false,"pivot":{"x":58.42298126220703,"y":26.13631820678711,"z":-183.43893432617188},"rotation":{"x":-0.01977679133415222,"y":0.029778799042105676,"z":0.001174073782749474,"w":0.9996217489242554},"size":211.2100372314453,"orthographic":false}