{"cameraMode":{"drawMode":0,"name":"Shaded","section":"Shading Mode"},"sceneLighting":true,"audioPlay":false,"sceneViewState":{"m_AlwaysRefresh":false,"showFog":true,"showSkybox":true,"showFlares":true,"showImageEffects":true,"showParticleSystems":true,"showVisualEffectGraphs":true,"m_FxEnabled":true},"in2DMode":false,"pivot":{"x":-24.502910614013673,"y":42.20165252685547,"z":71.20420837402344},"rotation":{"x":0.0027731533627957107,"y":0.7851834893226624,"z":-0.6192713975906372,"w":0.0035267937928438188},"size":447.4837341308594,"orthographic":false}