{"cameraMode":{"drawMode":0,"name":"Shaded","section":"Shading Mode"},"sceneLighting":true,"audioPlay":false,"sceneViewState":{"m_AlwaysRefresh":false,"showFog":true,"showSkybox":true,"showFlares":true,"showImageEffects":true,"showParticleSystems":true,"showVisualEffectGraphs":true,"m_FxEnabled":true},"in2DMode":false,"pivot":{"x":97.21327209472656,"y":-25.726316452026368,"z":-169.3514862060547},"rotation":{"x":-0.018738608807325364,"y":-0.7018463611602783,"z":0.018591901287436487,"w":-0.7119514346122742},"size":48.01166534423828,"orthographic":false}