{"cameraMode":{"drawMode":0,"name":"Shaded","section":"Shading Mode"},"sceneLighting":true,"audioPlay":false,"sceneViewState":{"m_AlwaysRefresh":false,"showFog":true,"showSkybox":true,"showFlares":true,"showImageEffects":true,"showParticleSystems":true,"showVisualEffectGraphs":true,"m_FxEnabled":true},"in2DMode":false,"pivot":{"x":109.39869689941406,"y":-18.654211044311525,"z":-133.03646850585938},"rotation":{"x":-0.06916308403015137,"y":-0.6955680847167969,"z":0.06765728443861008,"w":-0.7119972705841065},"size":259.4581298828125,"orthographic":false}